Question ID,Category,Personality System,Trait / Dimension,Option A,Option B,One-Line Question,Option A Score Code,Option B Score Code,Scoring Logic,Weight,Reverse Scored?,AI Interpretation Tag
NORM-001,Core Personality,MBTI,Introversion vs Extraversion,spend a quiet weekend alone,attend a massive party full of strangers,Would You Rather… spend a quiet weekend alone OR attend a massive party full of strangers?,I,E,"Option A +1 to I; Option B +1 to E. Track patterns over repeated choices, not one answer.",1,No,Behavior pattern suggests I vs E tendencies within MBTI.
NORM-002,Core Personality,MBTI,Introversion vs Extraversion,text a few close friends,network with hundreds of new people,Would You Rather… text a few close friends OR network with hundreds of new people?,I,E,"Option A +1 to I; Option B +1 to E. Track patterns over repeated choices, not one answer.",1,No,Behavior pattern suggests I vs E tendencies within MBTI.
NORM-003,Core Personality,MBTI,Introversion vs Extraversion,recharge alone after work,socialize to gain energy,Would You Rather… recharge alone after work OR socialize to gain energy?,I,E,"Option A +1 to I; Option B +1 to E. Track patterns over repeated choices, not one answer.",1,No,Behavior pattern suggests I vs E tendencies within MBTI.
NORM-004,Core Personality,MBTI,Introversion vs Extraversion,observe quietly in social settings,become the center of attention,Would You Rather… observe quietly in social settings OR become the center of attention?,I,E,"Option A +1 to I; Option B +1 to E. Track patterns over repeated choices, not one answer.",1,No,Behavior pattern suggests I vs E tendencies within MBTI.
NORM-005,Core Personality,MBTI,Introversion vs Extraversion,have deep one-on-one conversations,thrive in large social groups,Would You Rather… have deep one-on-one conversations OR thrive in large social groups?,I,E,"Option A +1 to I; Option B +1 to E. Track patterns over repeated choices, not one answer.",1,No,Behavior pattern suggests I vs E tendencies within MBTI.
NORM-006,Core Personality,MBTI,Introversion vs Extraversion,work independently in silence,brainstorm with an energetic team,Would You Rather… work independently in silence OR brainstorm with an energetic team?,I,E,"Option A +1 to I; Option B +1 to E. Track patterns over repeated choices, not one answer.",1,No,Behavior pattern suggests I vs E tendencies within MBTI.
NORM-007,Core Personality,MBTI,Introversion vs Extraversion,take a solo retreat,host a packed community event,Would You Rather… take a solo retreat OR host a packed community event?,I,E,"Option A +1 to I; Option B +1 to E. Track patterns over repeated choices, not one answer.",1,No,Behavior pattern suggests I vs E tendencies within MBTI.
NORM-008,Core Personality,MBTI,Introversion vs Extraversion,process thoughts privately,talk through ideas out loud,Would You Rather… process thoughts privately OR talk through ideas out loud?,I,E,"Option A +1 to I; Option B +1 to E. Track patterns over repeated choices, not one answer.",1,No,Behavior pattern suggests I vs E tendencies within MBTI.
NORM-009,Core Personality,MBTI,Introversion vs Extraversion,enjoy a calm dinner with one friend,go to a loud group celebration,Would You Rather… enjoy a calm dinner with one friend OR go to a loud group celebration?,I,E,"Option A +1 to I; Option B +1 to E. Track patterns over repeated choices, not one answer.",1,No,Behavior pattern suggests I vs E tendencies within MBTI.
NORM-010,Core Personality,MBTI,Introversion vs Extraversion,read alone on Friday night,go out with friends on Friday night,Would You Rather… read alone on Friday night OR go out with friends on Friday night?,I,E,"Option A +1 to I; Option B +1 to E. Track patterns over repeated choices, not one answer.",1,No,Behavior pattern suggests I vs E tendencies within MBTI.
NORM-011,Core Personality,MBTI,Thinking vs Feeling,make the rational choice,make the compassionate choice,Would You Rather… make the rational choice OR make the compassionate choice?,T,F,"Option A +1 to T; Option B +1 to F. Track patterns over repeated choices, not one answer.",1,No,Behavior pattern suggests T vs F tendencies within MBTI.
NORM-012,Core Personality,MBTI,Thinking vs Feeling,tell someone the hard truth,protect their feelings,Would You Rather… tell someone the hard truth OR protect their feelings?,T,F,"Option A +1 to T; Option B +1 to F. Track patterns over repeated choices, not one answer.",1,No,Behavior pattern suggests T vs F tendencies within MBTI.
NORM-013,Core Personality,MBTI,Thinking vs Feeling,use evidence and data,trust emotional instincts about people,Would You Rather… use evidence and data OR trust emotional instincts about people?,T,F,"Option A +1 to T; Option B +1 to F. Track patterns over repeated choices, not one answer.",1,No,Behavior pattern suggests T vs F tendencies within MBTI.
NORM-014,Core Personality,MBTI,Thinking vs Feeling,solve the problem logically,support the person emotionally,Would You Rather… solve the problem logically OR support the person emotionally?,T,F,"Option A +1 to T; Option B +1 to F. Track patterns over repeated choices, not one answer.",1,No,Behavior pattern suggests T vs F tendencies within MBTI.
NORM-015,Core Personality,MBTI,Thinking vs Feeling,prioritize fairness and truth,prioritize harmony and empathy,Would You Rather… prioritize fairness and truth OR prioritize harmony and empathy?,T,F,"Option A +1 to T; Option B +1 to F. Track patterns over repeated choices, not one answer.",1,No,Behavior pattern suggests T vs F tendencies within MBTI.
NORM-016,Core Personality,MBTI,Thinking vs Feeling,win an argument logically,preserve the relationship emotionally,Would You Rather… win an argument logically OR preserve the relationship emotionally?,T,F,"Option A +1 to T; Option B +1 to F. Track patterns over repeated choices, not one answer.",1,No,Behavior pattern suggests T vs F tendencies within MBTI.
NORM-017,Core Personality,MBTI,Thinking vs Feeling,evaluate people by results,evaluate people by intentions,Would You Rather… evaluate people by results OR evaluate people by intentions?,T,F,"Option A +1 to T; Option B +1 to F. Track patterns over repeated choices, not one answer.",1,No,Behavior pattern suggests T vs F tendencies within MBTI.
NORM-018,Core Personality,MBTI,Thinking vs Feeling,choose efficiency,choose emotional connection,Would You Rather… choose efficiency OR choose emotional connection?,T,F,"Option A +1 to T; Option B +1 to F. Track patterns over repeated choices, not one answer.",1,No,Behavior pattern suggests T vs F tendencies within MBTI.
NORM-019,Core Personality,MBTI,Thinking vs Feeling,make a decision based on rules,make a decision based on values,Would You Rather… make a decision based on rules OR make a decision based on values?,T,F,"Option A +1 to T; Option B +1 to F. Track patterns over repeated choices, not one answer.",1,No,Behavior pattern suggests T vs F tendencies within MBTI.
NORM-020,Core Personality,MBTI,Thinking vs Feeling,be respected for objectivity,be loved for compassion,Would You Rather… be respected for objectivity OR be loved for compassion?,T,F,"Option A +1 to T; Option B +1 to F. Track patterns over repeated choices, not one answer.",1,No,Behavior pattern suggests T vs F tendencies within MBTI.
NORM-021,Core Personality,MBTI,Judging vs Perceiving,have your week perfectly scheduled,completely improvise every day,Would You Rather… have your week perfectly scheduled OR completely improvise every day?,J,P,"Option A +1 to J; Option B +1 to P. Track patterns over repeated choices, not one answer.",1,No,Behavior pattern suggests J vs P tendencies within MBTI.
NORM-022,Core Personality,MBTI,Judging vs Perceiving,arrive 30 minutes early,barely make it on time,Would You Rather… arrive 30 minutes early OR barely make it on time?,J,P,"Option A +1 to J; Option B +1 to P. Track patterns over repeated choices, not one answer.",1,No,Behavior pattern suggests J vs P tendencies within MBTI.
NORM-023,Core Personality,MBTI,Judging vs Perceiving,follow a detailed plan,adapt spontaneously as things happen,Would You Rather… follow a detailed plan OR adapt spontaneously as things happen?,J,P,"Option A +1 to J; Option B +1 to P. Track patterns over repeated choices, not one answer.",1,No,Behavior pattern suggests J vs P tendencies within MBTI.
NORM-024,Core Personality,MBTI,Judging vs Perceiving,organize every detail,leave room for surprises,Would You Rather… organize every detail OR leave room for surprises?,J,P,"Option A +1 to J; Option B +1 to P. Track patterns over repeated choices, not one answer.",1,No,Behavior pattern suggests J vs P tendencies within MBTI.
NORM-025,Core Personality,MBTI,Judging vs Perceiving,know exactly what happens tomorrow,keep life unpredictable,Would You Rather… know exactly what happens tomorrow OR keep life unpredictable?,J,P,"Option A +1 to J; Option B +1 to P. Track patterns over repeated choices, not one answer.",1,No,Behavior pattern suggests J vs P tendencies within MBTI.
NORM-026,Core Personality,MBTI,Judging vs Perceiving,live by routines,follow inspiration in the moment,Would You Rather… live by routines OR follow inspiration in the moment?,J,P,"Option A +1 to J; Option B +1 to P. Track patterns over repeated choices, not one answer.",1,No,Behavior pattern suggests J vs P tendencies within MBTI.
NORM-027,Core Personality,MBTI,Judging vs Perceiving,finish projects before relaxing,explore possibilities before deciding,Would You Rather… finish projects before relaxing OR explore possibilities before deciding?,J,P,"Option A +1 to J; Option B +1 to P. Track patterns over repeated choices, not one answer.",1,No,Behavior pattern suggests J vs P tendencies within MBTI.
NORM-028,Core Personality,MBTI,Judging vs Perceiving,make firm decisions quickly,keep options open as long as possible,Would You Rather… make firm decisions quickly OR keep options open as long as possible?,J,P,"Option A +1 to J; Option B +1 to P. Track patterns over repeated choices, not one answer.",1,No,Behavior pattern suggests J vs P tendencies within MBTI.
NORM-029,Core Personality,MBTI,Judging vs Perceiving,plan your vacation hour by hour,wander with no itinerary,Would You Rather… plan your vacation hour by hour OR wander with no itinerary?,J,P,"Option A +1 to J; Option B +1 to P. Track patterns over repeated choices, not one answer.",1,No,Behavior pattern suggests J vs P tendencies within MBTI.
NORM-030,Core Personality,MBTI,Judging vs Perceiving,maintain a tidy workspace,work in creative chaos,Would You Rather… maintain a tidy workspace OR work in creative chaos?,J,P,"Option A +1 to J; Option B +1 to P. Track patterns over repeated choices, not one answer.",1,No,Behavior pattern suggests J vs P tendencies within MBTI.
NORM-031,Core Personality,MBTI,Intuition vs Sensing,brainstorm future possibilities,focus on practical realities right now,Would You Rather… brainstorm future possibilities OR focus on practical realities right now?,N,S,"Option A +1 to N; Option B +1 to S. Track patterns over repeated choices, not one answer.",1,No,Behavior pattern suggests N vs S tendencies within MBTI.
NORM-032,Core Personality,MBTI,Intuition vs Sensing,explore abstract theories,master hands-on skills,Would You Rather… explore abstract theories OR master hands-on skills?,N,S,"Option A +1 to N; Option B +1 to S. Track patterns over repeated choices, not one answer.",1,No,Behavior pattern suggests N vs S tendencies within MBTI.
NORM-033,Core Personality,MBTI,Intuition vs Sensing,discuss philosophy and the future,talk about real-life experiences,Would You Rather… discuss philosophy and the future OR talk about real-life experiences?,N,S,"Option A +1 to N; Option B +1 to S. Track patterns over repeated choices, not one answer.",1,No,Behavior pattern suggests N vs S tendencies within MBTI.
NORM-034,Core Personality,MBTI,Intuition vs Sensing,predict future trends,focus on what is already proven,Would You Rather… predict future trends OR focus on what is already proven?,N,S,"Option A +1 to N; Option B +1 to S. Track patterns over repeated choices, not one answer.",1,No,Behavior pattern suggests N vs S tendencies within MBTI.
NORM-035,Core Personality,MBTI,Intuition vs Sensing,invent something futuristic,improve something that already exists,Would You Rather… invent something futuristic OR improve something that already exists?,N,S,"Option A +1 to N; Option B +1 to S. Track patterns over repeated choices, not one answer.",1,No,Behavior pattern suggests N vs S tendencies within MBTI.
NORM-036,Core Personality,MBTI,Intuition vs Sensing,talk about innovation and ideas,use practical step-by-step solutions,Would You Rather… talk about innovation and ideas OR use practical step-by-step solutions?,N,S,"Option A +1 to N; Option B +1 to S. Track patterns over repeated choices, not one answer.",1,No,Behavior pattern suggests N vs S tendencies within MBTI.
NORM-037,Core Personality,MBTI,Intuition vs Sensing,imagine what humanity could become,solve today’s problems,Would You Rather… imagine what humanity could become OR solve today’s problems?,N,S,"Option A +1 to N; Option B +1 to S. Track patterns over repeated choices, not one answer.",1,No,Behavior pattern suggests N vs S tendencies within MBTI.
NORM-038,Core Personality,MBTI,Intuition vs Sensing,follow symbolic meaning,trust concrete facts,Would You Rather… follow symbolic meaning OR trust concrete facts?,N,S,"Option A +1 to N; Option B +1 to S. Track patterns over repeated choices, not one answer.",1,No,Behavior pattern suggests N vs S tendencies within MBTI.
NORM-039,Core Personality,MBTI,Intuition vs Sensing,design a future vision board,create a practical action checklist,Would You Rather… design a future vision board OR create a practical action checklist?,N,S,"Option A +1 to N; Option B +1 to S. Track patterns over repeated choices, not one answer.",1,No,Behavior pattern suggests N vs S tendencies within MBTI.
NORM-040,Core Personality,MBTI,Intuition vs Sensing,dream up new possibilities,perfect a proven method,Would You Rather… dream up new possibilities OR perfect a proven method?,N,S,"Option A +1 to N; Option B +1 to S. Track patterns over repeated choices, not one answer.",1,No,Behavior pattern suggests N vs S tendencies within MBTI.
NORM-041,Core Personality,Big Five,Openness,try a strange new food,order your favorite meal again,Would You Rather… try a strange new food OR order your favorite meal again?,High Openness,Low Openness,"Option A +1 to High Openness; Option B +1 to Low Openness. Track patterns over repeated choices, not one answer.",1,No,Behavior pattern suggests High Openness vs Low Openness tendencies within Big Five.
NORM-042,Core Personality,Big Five,Openness,move to a new country for adventure,stay close to what feels familiar,Would You Rather… move to a new country for adventure OR stay close to what feels familiar?,High Openness,Low Openness,"Option A +1 to High Openness; Option B +1 to Low Openness. Track patterns over repeated choices, not one answer.",1,No,Behavior pattern suggests High Openness vs Low Openness tendencies within Big Five.
NORM-043,Core Personality,Big Five,Openness,learn an experimental art form,improve a practical everyday skill,Would You Rather… learn an experimental art form OR improve a practical everyday skill?,High Openness,Low Openness,"Option A +1 to High Openness; Option B +1 to Low Openness. Track patterns over repeated choices, not one answer.",1,No,Behavior pattern suggests High Openness vs Low Openness tendencies within Big Five.
NORM-044,Core Personality,Big Five,Openness,read a weird philosophical book,read a clear how-to manual,Would You Rather… read a weird philosophical book OR read a clear how-to manual?,High Openness,Low Openness,"Option A +1 to High Openness; Option B +1 to Low Openness. Track patterns over repeated choices, not one answer.",1,No,Behavior pattern suggests High Openness vs Low Openness tendencies within Big Five.
NORM-045,Core Personality,Big Five,Openness,explore a completely new career,build expertise in one proven field,Would You Rather… explore a completely new career OR build expertise in one proven field?,High Openness,Low Openness,"Option A +1 to High Openness; Option B +1 to Low Openness. Track patterns over repeated choices, not one answer.",1,No,Behavior pattern suggests High Openness vs Low Openness tendencies within Big Five.
NORM-046,Core Personality,Big Five,Openness,decorate your home with bold creativity,keep your home simple and classic,Would You Rather… decorate your home with bold creativity OR keep your home simple and classic?,High Openness,Low Openness,"Option A +1 to High Openness; Option B +1 to Low Openness. Track patterns over repeated choices, not one answer.",1,No,Behavior pattern suggests High Openness vs Low Openness tendencies within Big Five.
NORM-047,Core Personality,Big Five,Openness,attend an avant-garde performance,watch a familiar favorite movie,Would You Rather… attend an avant-garde performance OR watch a familiar favorite movie?,High Openness,Low Openness,"Option A +1 to High Openness; Option B +1 to Low Openness. Track patterns over repeated choices, not one answer.",1,No,Behavior pattern suggests High Openness vs Low Openness tendencies within Big Five.
NORM-048,Core Personality,Big Five,Openness,change your worldview after new evidence,stick with long-held beliefs,Would You Rather… change your worldview after new evidence OR stick with long-held beliefs?,High Openness,Low Openness,"Option A +1 to High Openness; Option B +1 to Low Openness. Track patterns over repeated choices, not one answer.",1,No,Behavior pattern suggests High Openness vs Low Openness tendencies within Big Five.
NORM-049,Core Personality,Big Five,Conscientiousness,complete every task before relaxing,relax first and finish later,Would You Rather… complete every task before relaxing OR relax first and finish later?,High Conscientiousness,Low Conscientiousness,"Option A +1 to High Conscientiousness; Option B +1 to Low Conscientiousness. Track patterns over repeated choices, not one answer.",1,No,Behavior pattern suggests High Conscientiousness vs Low Conscientiousness tendencies within Big Five.
NORM-050,Core Personality,Big Five,Conscientiousness,track your habits daily,go with the flow,Would You Rather… track your habits daily OR go with the flow?,High Conscientiousness,Low Conscientiousness,"Option A +1 to High Conscientiousness; Option B +1 to Low Conscientiousness. Track patterns over repeated choices, not one answer.",1,No,Behavior pattern suggests High Conscientiousness vs Low Conscientiousness tendencies within Big Five.
NORM-051,Core Personality,Big Five,Conscientiousness,save money consistently,spend freely on experiences,Would You Rather… save money consistently OR spend freely on experiences?,High Conscientiousness,Low Conscientiousness,"Option A +1 to High Conscientiousness; Option B +1 to Low Conscientiousness. Track patterns over repeated choices, not one answer.",1,No,Behavior pattern suggests High Conscientiousness vs Low Conscientiousness tendencies within Big Five.
NORM-052,Core Personality,Big Five,Conscientiousness,keep a detailed to-do list,trust yourself to remember things,Would You Rather… keep a detailed to-do list OR trust yourself to remember things?,High Conscientiousness,Low Conscientiousness,"Option A +1 to High Conscientiousness; Option B +1 to Low Conscientiousness. Track patterns over repeated choices, not one answer.",1,No,Behavior pattern suggests High Conscientiousness vs Low Conscientiousness tendencies within Big Five.
NORM-053,Core Personality,Big Five,Conscientiousness,train for months before competing,jump in and learn as you go,Would You Rather… train for months before competing OR jump in and learn as you go?,High Conscientiousness,Low Conscientiousness,"Option A +1 to High Conscientiousness; Option B +1 to Low Conscientiousness. Track patterns over repeated choices, not one answer.",1,No,Behavior pattern suggests High Conscientiousness vs Low Conscientiousness tendencies within Big Five.
NORM-054,Core Personality,Big Five,Conscientiousness,keep your room organized,let your space reflect creative chaos,Would You Rather… keep your room organized OR let your space reflect creative chaos?,High Conscientiousness,Low Conscientiousness,"Option A +1 to High Conscientiousness; Option B +1 to Low Conscientiousness. Track patterns over repeated choices, not one answer.",1,No,Behavior pattern suggests High Conscientiousness vs Low Conscientiousness tendencies within Big Five.
NORM-055,Core Personality,Big Five,Conscientiousness,follow through on a promise no matter what,change plans when life shifts,Would You Rather… follow through on a promise no matter what OR change plans when life shifts?,High Conscientiousness,Low Conscientiousness,"Option A +1 to High Conscientiousness; Option B +1 to Low Conscientiousness. Track patterns over repeated choices, not one answer.",1,No,Behavior pattern suggests High Conscientiousness vs Low Conscientiousness tendencies within Big Five.
NORM-056,Core Personality,Big Five,Conscientiousness,prepare thoroughly for a meeting,show up and improvise confidently,Would You Rather… prepare thoroughly for a meeting OR show up and improvise confidently?,High Conscientiousness,Low Conscientiousness,"Option A +1 to High Conscientiousness; Option B +1 to Low Conscientiousness. Track patterns over repeated choices, not one answer.",1,No,Behavior pattern suggests High Conscientiousness vs Low Conscientiousness tendencies within Big Five.
NORM-057,Core Personality,Big Five,Extraversion,lead a room full of strangers,observe quietly from the back,Would You Rather… lead a room full of strangers OR observe quietly from the back?,High Extraversion,Low Extraversion,"Option A +1 to High Extraversion; Option B +1 to Low Extraversion. Track patterns over repeated choices, not one answer.",1,No,Behavior pattern suggests High Extraversion vs Low Extraversion tendencies within Big Five.
NORM-058,Core Personality,Big Five,Extraversion,build a huge social circle,keep a small trusted circle,Would You Rather… build a huge social circle OR keep a small trusted circle?,High Extraversion,Low Extraversion,"Option A +1 to High Extraversion; Option B +1 to Low Extraversion. Track patterns over repeated choices, not one answer.",1,No,Behavior pattern suggests High Extraversion vs Low Extraversion tendencies within Big Five.
NORM-059,Core Personality,Big Five,Extraversion,talk to someone new every day,enjoy long stretches of solitude,Would You Rather… talk to someone new every day OR enjoy long stretches of solitude?,High Extraversion,Low Extraversion,"Option A +1 to High Extraversion; Option B +1 to Low Extraversion. Track patterns over repeated choices, not one answer.",1,No,Behavior pattern suggests High Extraversion vs Low Extraversion tendencies within Big Five.
NORM-060,Core Personality,Big Five,Extraversion,host a live event,create content privately,Would You Rather… host a live event OR create content privately?,High Extraversion,Low Extraversion,"Option A +1 to High Extraversion; Option B +1 to Low Extraversion. Track patterns over repeated choices, not one answer.",1,No,Behavior pattern suggests High Extraversion vs Low Extraversion tendencies within Big Five.
NORM-061,Core Personality,Big Five,Extraversion,gain energy from crowds,gain energy from silence,Would You Rather… gain energy from crowds OR gain energy from silence?,High Extraversion,Low Extraversion,"Option A +1 to High Extraversion; Option B +1 to Low Extraversion. Track patterns over repeated choices, not one answer.",1,No,Behavior pattern suggests High Extraversion vs Low Extraversion tendencies within Big Five.
NORM-062,Core Personality,Big Five,Extraversion,be known by everyone in town,be known deeply by a few people,Would You Rather… be known by everyone in town OR be known deeply by a few people?,High Extraversion,Low Extraversion,"Option A +1 to High Extraversion; Option B +1 to Low Extraversion. Track patterns over repeated choices, not one answer.",1,No,Behavior pattern suggests High Extraversion vs Low Extraversion tendencies within Big Five.
NORM-063,Core Personality,Big Five,Extraversion,speak first in a group,listen first and speak later,Would You Rather… speak first in a group OR listen first and speak later?,High Extraversion,Low Extraversion,"Option A +1 to High Extraversion; Option B +1 to Low Extraversion. Track patterns over repeated choices, not one answer.",1,No,Behavior pattern suggests High Extraversion vs Low Extraversion tendencies within Big Five.
NORM-064,Core Personality,Big Five,Extraversion,celebrate publicly,celebrate privately,Would You Rather… celebrate publicly OR celebrate privately?,High Extraversion,Low Extraversion,"Option A +1 to High Extraversion; Option B +1 to Low Extraversion. Track patterns over repeated choices, not one answer.",1,No,Behavior pattern suggests High Extraversion vs Low Extraversion tendencies within Big Five.
NORM-065,Core Personality,Big Five,Agreeableness,forgive quickly,hold firm boundaries,Would You Rather… forgive quickly OR hold firm boundaries?,High Agreeableness,Low Agreeableness,"Option A +1 to High Agreeableness; Option B +1 to Low Agreeableness. Track patterns over repeated choices, not one answer.",1,No,Behavior pattern suggests High Agreeableness vs Low Agreeableness tendencies within Big Five.
NORM-066,Core Personality,Big Five,Agreeableness,avoid conflict to keep peace,challenge people directly,Would You Rather… avoid conflict to keep peace OR challenge people directly?,High Agreeableness,Low Agreeableness,"Option A +1 to High Agreeableness; Option B +1 to Low Agreeableness. Track patterns over repeated choices, not one answer.",1,No,Behavior pattern suggests High Agreeableness vs Low Agreeableness tendencies within Big Five.
NORM-067,Core Personality,Big Five,Agreeableness,give someone the benefit of the doubt,question their motives first,Would You Rather… give someone the benefit of the doubt OR question their motives first?,High Agreeableness,Low Agreeableness,"Option A +1 to High Agreeableness; Option B +1 to Low Agreeableness. Track patterns over repeated choices, not one answer.",1,No,Behavior pattern suggests High Agreeableness vs Low Agreeableness tendencies within Big Five.
NORM-068,Core Personality,Big Five,Agreeableness,cooperate even when it slows you down,push hard for the best outcome,Would You Rather… cooperate even when it slows you down OR push hard for the best outcome?,High Agreeableness,Low Agreeableness,"Option A +1 to High Agreeableness; Option B +1 to Low Agreeableness. Track patterns over repeated choices, not one answer.",1,No,Behavior pattern suggests High Agreeableness vs Low Agreeableness tendencies within Big Five.
NORM-069,Core Personality,Big Five,Agreeableness,be liked by everyone,be respected even if disliked,Would You Rather… be liked by everyone OR be respected even if disliked?,High Agreeableness,Low Agreeableness,"Option A +1 to High Agreeableness; Option B +1 to Low Agreeableness. Track patterns over repeated choices, not one answer.",1,No,Behavior pattern suggests High Agreeableness vs Low Agreeableness tendencies within Big Five.
NORM-070,Core Personality,Big Five,Agreeableness,prioritize team harmony,prioritize winning results,Would You Rather… prioritize team harmony OR prioritize winning results?,High Agreeableness,Low Agreeableness,"Option A +1 to High Agreeableness; Option B +1 to Low Agreeableness. Track patterns over repeated choices, not one answer.",1,No,Behavior pattern suggests High Agreeableness vs Low Agreeableness tendencies within Big Five.
NORM-071,Core Personality,Big Five,Agreeableness,help a friend at personal cost,protect your own time first,Would You Rather… help a friend at personal cost OR protect your own time first?,High Agreeableness,Low Agreeableness,"Option A +1 to High Agreeableness; Option B +1 to Low Agreeableness. Track patterns over repeated choices, not one answer.",1,No,Behavior pattern suggests High Agreeableness vs Low Agreeableness tendencies within Big Five.
NORM-072,Core Personality,Big Five,Agreeableness,soften your message,say exactly what you mean,Would You Rather… soften your message OR say exactly what you mean?,High Agreeableness,Low Agreeableness,"Option A +1 to High Agreeableness; Option B +1 to Low Agreeableness. Track patterns over repeated choices, not one answer.",1,No,Behavior pattern suggests High Agreeableness vs Low Agreeableness tendencies within Big Five.
NORM-073,Core Personality,Big Five,Neuroticism / Emotional Stability,prepare for every possible problem,trust things will work out,Would You Rather… prepare for every possible problem OR trust things will work out?,High Emotional Reactivity,Calm Stability,"Option A +1 to High Emotional Reactivity; Option B +1 to Calm Stability. Track patterns over repeated choices, not one answer.",1,No,Behavior pattern suggests High Emotional Reactivity vs Calm Stability tendencies within Big Five.
NORM-074,Core Personality,Big Five,Neuroticism / Emotional Stability,feel emotions intensely,stay emotionally steady,Would You Rather… feel emotions intensely OR stay emotionally steady?,High Emotional Reactivity,Calm Stability,"Option A +1 to High Emotional Reactivity; Option B +1 to Calm Stability. Track patterns over repeated choices, not one answer.",1,No,Behavior pattern suggests High Emotional Reactivity vs Calm Stability tendencies within Big Five.
NORM-075,Core Personality,Big Five,Neuroticism / Emotional Stability,double-check everything for safety,move forward with confidence,Would You Rather… double-check everything for safety OR move forward with confidence?,High Emotional Reactivity,Calm Stability,"Option A +1 to High Emotional Reactivity; Option B +1 to Calm Stability. Track patterns over repeated choices, not one answer.",1,No,Behavior pattern suggests High Emotional Reactivity vs Calm Stability tendencies within Big Five.
NORM-076,Core Personality,Big Five,Neuroticism / Emotional Stability,talk through your worries,quietly let worries pass,Would You Rather… talk through your worries OR quietly let worries pass?,High Emotional Reactivity,Calm Stability,"Option A +1 to High Emotional Reactivity; Option B +1 to Calm Stability. Track patterns over repeated choices, not one answer.",1,No,Behavior pattern suggests High Emotional Reactivity vs Calm Stability tendencies within Big Five.
NORM-077,Core Personality,Big Five,Neuroticism / Emotional Stability,avoid uncertainty,embrace uncertainty calmly,Would You Rather… avoid uncertainty OR embrace uncertainty calmly?,High Emotional Reactivity,Calm Stability,"Option A +1 to High Emotional Reactivity; Option B +1 to Calm Stability. Track patterns over repeated choices, not one answer.",1,No,Behavior pattern suggests High Emotional Reactivity vs Calm Stability tendencies within Big Five.
NORM-078,Core Personality,Big Five,Neuroticism / Emotional Stability,respond quickly when stressed,pause before reacting,Would You Rather… respond quickly when stressed OR pause before reacting?,High Emotional Reactivity,Calm Stability,"Option A +1 to High Emotional Reactivity; Option B +1 to Calm Stability. Track patterns over repeated choices, not one answer.",1,No,Behavior pattern suggests High Emotional Reactivity vs Calm Stability tendencies within Big Five.
NORM-079,Core Personality,Big Five,Neuroticism / Emotional Stability,seek reassurance often,trust your own resilience,Would You Rather… seek reassurance often OR trust your own resilience?,High Emotional Reactivity,Calm Stability,"Option A +1 to High Emotional Reactivity; Option B +1 to Calm Stability. Track patterns over repeated choices, not one answer.",1,No,Behavior pattern suggests High Emotional Reactivity vs Calm Stability tendencies within Big Five.
NORM-080,Core Personality,Big Five,Neuroticism / Emotional Stability,notice risks first,notice opportunities first,Would You Rather… notice risks first OR notice opportunities first?,High Emotional Reactivity,Calm Stability,"Option A +1 to High Emotional Reactivity; Option B +1 to Calm Stability. Track patterns over repeated choices, not one answer.",1,No,Behavior pattern suggests High Emotional Reactivity vs Calm Stability tendencies within Big Five.
NORM-081,Motivation,Enneagram,Type 1 Reforming vs Type 7 Enthusiasm,perfect one important project,experience ten exciting adventures,Would You Rather… perfect one important project OR experience ten exciting adventures?,Type 1,Type 7,"Option A +1 to Type 1; Option B +1 to Type 7. Track patterns over repeated choices, not one answer.",1,No,Behavior pattern suggests Type 1 vs Type 7 tendencies within Enneagram.
NORM-082,Motivation,Enneagram,Type 1 Reforming vs Type 7 Enthusiasm,fix what is broken in the system,escape into new possibilities,Would You Rather… fix what is broken in the system OR escape into new possibilities?,Type 1,Type 7,"Option A +1 to Type 1; Option B +1 to Type 7. Track patterns over repeated choices, not one answer.",1,No,Behavior pattern suggests Type 1 vs Type 7 tendencies within Enneagram.
NORM-083,Motivation,Enneagram,Type 1 Reforming vs Type 7 Enthusiasm,be morally correct,be wildly free,Would You Rather… be morally correct OR be wildly free?,Type 1,Type 7,"Option A +1 to Type 1; Option B +1 to Type 7. Track patterns over repeated choices, not one answer.",1,No,Behavior pattern suggests Type 1 vs Type 7 tendencies within Enneagram.
NORM-084,Motivation,Enneagram,Type 1 Reforming vs Type 7 Enthusiasm,choose discipline,choose joy and spontaneity,Would You Rather… choose discipline OR choose joy and spontaneity?,Type 1,Type 7,"Option A +1 to Type 1; Option B +1 to Type 7. Track patterns over repeated choices, not one answer.",1,No,Behavior pattern suggests Type 1 vs Type 7 tendencies within Enneagram.
NORM-085,Motivation,Enneagram,Type 1 Reforming vs Type 7 Enthusiasm,improve yourself every day,enjoy yourself every day,Would You Rather… improve yourself every day OR enjoy yourself every day?,Type 1,Type 7,"Option A +1 to Type 1; Option B +1 to Type 7. Track patterns over repeated choices, not one answer.",1,No,Behavior pattern suggests Type 1 vs Type 7 tendencies within Enneagram.
NORM-086,Motivation,Enneagram,Type 1 Reforming vs Type 7 Enthusiasm,follow high standards,follow exciting opportunities,Would You Rather… follow high standards OR follow exciting opportunities?,Type 1,Type 7,"Option A +1 to Type 1; Option B +1 to Type 7. Track patterns over repeated choices, not one answer.",1,No,Behavior pattern suggests Type 1 vs Type 7 tendencies within Enneagram.
NORM-087,Motivation,Enneagram,Type 1 Reforming vs Type 7 Enthusiasm,be known as responsible,be known as fun,Would You Rather… be known as responsible OR be known as fun?,Type 1,Type 7,"Option A +1 to Type 1; Option B +1 to Type 7. Track patterns over repeated choices, not one answer.",1,No,Behavior pattern suggests Type 1 vs Type 7 tendencies within Enneagram.
NORM-088,Motivation,Enneagram,Type 1 Reforming vs Type 7 Enthusiasm,clean up the mess,start a new adventure,Would You Rather… clean up the mess OR start a new adventure?,Type 1,Type 7,"Option A +1 to Type 1; Option B +1 to Type 7. Track patterns over repeated choices, not one answer.",1,No,Behavior pattern suggests Type 1 vs Type 7 tendencies within Enneagram.
NORM-089,Motivation,Enneagram,Type 2 Helping vs Type 5 Independence,be needed by the people you love,be completely self-sufficient,Would You Rather… be needed by the people you love OR be completely self-sufficient?,Type 2,Type 5,"Option A +1 to Type 2; Option B +1 to Type 5. Track patterns over repeated choices, not one answer.",1,No,Behavior pattern suggests Type 2 vs Type 5 tendencies within Enneagram.
NORM-090,Motivation,Enneagram,Type 2 Helping vs Type 5 Independence,support others emotionally,protect your private energy,Would You Rather… support others emotionally OR protect your private energy?,Type 2,Type 5,"Option A +1 to Type 2; Option B +1 to Type 5. Track patterns over repeated choices, not one answer.",1,No,Behavior pattern suggests Type 2 vs Type 5 tendencies within Enneagram.
NORM-091,Motivation,Enneagram,Type 2 Helping vs Type 5 Independence,give your time generously,preserve your personal space,Would You Rather… give your time generously OR preserve your personal space?,Type 2,Type 5,"Option A +1 to Type 2; Option B +1 to Type 5. Track patterns over repeated choices, not one answer.",1,No,Behavior pattern suggests Type 2 vs Type 5 tendencies within Enneagram.
NORM-092,Motivation,Enneagram,Type 2 Helping vs Type 5 Independence,be loved for helping,be respected for knowledge,Would You Rather… be loved for helping OR be respected for knowledge?,Type 2,Type 5,"Option A +1 to Type 2; Option B +1 to Type 5. Track patterns over repeated choices, not one answer.",1,No,Behavior pattern suggests Type 2 vs Type 5 tendencies within Enneagram.
NORM-093,Motivation,Enneagram,Type 2 Helping vs Type 5 Independence,step in when someone struggles,let people solve things themselves,Would You Rather… step in when someone struggles OR let people solve things themselves?,Type 2,Type 5,"Option A +1 to Type 2; Option B +1 to Type 5. Track patterns over repeated choices, not one answer.",1,No,Behavior pattern suggests Type 2 vs Type 5 tendencies within Enneagram.
NORM-094,Motivation,Enneagram,Type 2 Helping vs Type 5 Independence,connect through care,connect through ideas,Would You Rather… connect through care OR connect through ideas?,Type 2,Type 5,"Option A +1 to Type 2; Option B +1 to Type 5. Track patterns over repeated choices, not one answer.",1,No,Behavior pattern suggests Type 2 vs Type 5 tendencies within Enneagram.
NORM-095,Motivation,Enneagram,Type 2 Helping vs Type 5 Independence,host everyone warmly,retreat into deep research,Would You Rather… host everyone warmly OR retreat into deep research?,Type 2,Type 5,"Option A +1 to Type 2; Option B +1 to Type 5. Track patterns over repeated choices, not one answer.",1,No,Behavior pattern suggests Type 2 vs Type 5 tendencies within Enneagram.
NORM-096,Motivation,Enneagram,Type 2 Helping vs Type 5 Independence,feel appreciated,feel capable and independent,Would You Rather… feel appreciated OR feel capable and independent?,Type 2,Type 5,"Option A +1 to Type 2; Option B +1 to Type 5. Track patterns over repeated choices, not one answer.",1,No,Behavior pattern suggests Type 2 vs Type 5 tendencies within Enneagram.
NORM-097,Motivation,Enneagram,Type 3 Achievement vs Type 4 Authenticity,be successful and admired,be authentic and misunderstood,Would You Rather… be successful and admired OR be authentic and misunderstood?,Type 3,Type 4,"Option A +1 to Type 3; Option B +1 to Type 4. Track patterns over repeated choices, not one answer.",1,No,Behavior pattern suggests Type 3 vs Type 4 tendencies within Enneagram.
NORM-098,Motivation,Enneagram,Type 3 Achievement vs Type 4 Authenticity,win public recognition,create deeply personal art,Would You Rather… win public recognition OR create deeply personal art?,Type 3,Type 4,"Option A +1 to Type 3; Option B +1 to Type 4. Track patterns over repeated choices, not one answer.",1,No,Behavior pattern suggests Type 3 vs Type 4 tendencies within Enneagram.
NORM-099,Motivation,Enneagram,Type 3 Achievement vs Type 4 Authenticity,optimize your image,express your inner truth,Would You Rather… optimize your image OR express your inner truth?,Type 3,Type 4,"Option A +1 to Type 3; Option B +1 to Type 4. Track patterns over repeated choices, not one answer.",1,No,Behavior pattern suggests Type 3 vs Type 4 tendencies within Enneagram.
NORM-100,Motivation,Enneagram,Type 3 Achievement vs Type 4 Authenticity,achieve your biggest goal,discover your deepest identity,Would You Rather… achieve your biggest goal OR discover your deepest identity?,Type 3,Type 4,"Option A +1 to Type 3; Option B +1 to Type 4. Track patterns over repeated choices, not one answer.",1,No,Behavior pattern suggests Type 3 vs Type 4 tendencies within Enneagram.
NORM-101,Motivation,Enneagram,Type 3 Achievement vs Type 4 Authenticity,be seen as impressive,be seen as original,Would You Rather… be seen as impressive OR be seen as original?,Type 3,Type 4,"Option A +1 to Type 3; Option B +1 to Type 4. Track patterns over repeated choices, not one answer.",1,No,Behavior pattern suggests Type 3 vs Type 4 tendencies within Enneagram.
NORM-102,Motivation,Enneagram,Type 3 Achievement vs Type 4 Authenticity,build a legacy of wins,build a life of meaning,Would You Rather… build a legacy of wins OR build a life of meaning?,Type 3,Type 4,"Option A +1 to Type 3; Option B +1 to Type 4. Track patterns over repeated choices, not one answer.",1,No,Behavior pattern suggests Type 3 vs Type 4 tendencies within Enneagram.
NORM-103,Motivation,Enneagram,Type 3 Achievement vs Type 4 Authenticity,perform confidently on stage,write honestly in private,Would You Rather… perform confidently on stage OR write honestly in private?,Type 3,Type 4,"Option A +1 to Type 3; Option B +1 to Type 4. Track patterns over repeated choices, not one answer.",1,No,Behavior pattern suggests Type 3 vs Type 4 tendencies within Enneagram.
NORM-104,Motivation,Enneagram,Type 3 Achievement vs Type 4 Authenticity,be praised for excellence,be valued for uniqueness,Would You Rather… be praised for excellence OR be valued for uniqueness?,Type 3,Type 4,"Option A +1 to Type 3; Option B +1 to Type 4. Track patterns over repeated choices, not one answer.",1,No,Behavior pattern suggests Type 3 vs Type 4 tendencies within Enneagram.
NORM-105,Motivation,Enneagram,Type 6 Security vs Type 8 Power,have guaranteed safety,have total control,Would You Rather… have guaranteed safety OR have total control?,Type 6,Type 8,"Option A +1 to Type 6; Option B +1 to Type 8. Track patterns over repeated choices, not one answer.",1,No,Behavior pattern suggests Type 6 vs Type 8 tendencies within Enneagram.
NORM-106,Motivation,Enneagram,Type 6 Security vs Type 8 Power,join a loyal team,lead the group yourself,Would You Rather… join a loyal team OR lead the group yourself?,Type 6,Type 8,"Option A +1 to Type 6; Option B +1 to Type 8. Track patterns over repeated choices, not one answer.",1,No,Behavior pattern suggests Type 6 vs Type 8 tendencies within Enneagram.
NORM-107,Motivation,Enneagram,Type 6 Security vs Type 8 Power,ask trusted people for advice,trust your own authority,Would You Rather… ask trusted people for advice OR trust your own authority?,Type 6,Type 8,"Option A +1 to Type 6; Option B +1 to Type 8. Track patterns over repeated choices, not one answer.",1,No,Behavior pattern suggests Type 6 vs Type 8 tendencies within Enneagram.
NORM-108,Motivation,Enneagram,Type 6 Security vs Type 8 Power,prepare for what could go wrong,charge directly into challenge,Would You Rather… prepare for what could go wrong OR charge directly into challenge?,Type 6,Type 8,"Option A +1 to Type 6; Option B +1 to Type 8. Track patterns over repeated choices, not one answer.",1,No,Behavior pattern suggests Type 6 vs Type 8 tendencies within Enneagram.
NORM-109,Motivation,Enneagram,Type 6 Security vs Type 8 Power,belong to a protective community,stand alone with power,Would You Rather… belong to a protective community OR stand alone with power?,Type 6,Type 8,"Option A +1 to Type 6; Option B +1 to Type 8. Track patterns over repeated choices, not one answer.",1,No,Behavior pattern suggests Type 6 vs Type 8 tendencies within Enneagram.
NORM-110,Motivation,Enneagram,Type 6 Security vs Type 8 Power,seek reassurance,project confidence,Would You Rather… seek reassurance OR project confidence?,Type 6,Type 8,"Option A +1 to Type 6; Option B +1 to Type 8. Track patterns over repeated choices, not one answer.",1,No,Behavior pattern suggests Type 6 vs Type 8 tendencies within Enneagram.
NORM-111,Motivation,Enneagram,Type 6 Security vs Type 8 Power,follow a proven structure,break weak structures apart,Would You Rather… follow a proven structure OR break weak structures apart?,Type 6,Type 8,"Option A +1 to Type 6; Option B +1 to Type 8. Track patterns over repeated choices, not one answer.",1,No,Behavior pattern suggests Type 6 vs Type 8 tendencies within Enneagram.
NORM-112,Motivation,Enneagram,Type 6 Security vs Type 8 Power,choose stability,choose strength,Would You Rather… choose stability OR choose strength?,Type 6,Type 8,"Option A +1 to Type 6; Option B +1 to Type 8. Track patterns over repeated choices, not one answer.",1,No,Behavior pattern suggests Type 6 vs Type 8 tendencies within Enneagram.
NORM-113,Motivation,Enneagram,Type 9 Peace vs Type 3 Drive,keep life peaceful,push hard toward success,Would You Rather… keep life peaceful OR push hard toward success?,Type 9,Type 3,"Option A +1 to Type 9; Option B +1 to Type 3. Track patterns over repeated choices, not one answer.",1,No,Behavior pattern suggests Type 9 vs Type 3 tendencies within Enneagram.
NORM-114,Motivation,Enneagram,Type 9 Peace vs Type 3 Drive,avoid unnecessary conflict,compete to win,Would You Rather… avoid unnecessary conflict OR compete to win?,Type 9,Type 3,"Option A +1 to Type 9; Option B +1 to Type 3. Track patterns over repeated choices, not one answer.",1,No,Behavior pattern suggests Type 9 vs Type 3 tendencies within Enneagram.
NORM-115,Motivation,Enneagram,Type 9 Peace vs Type 3 Drive,blend into harmony,stand out through achievement,Would You Rather… blend into harmony OR stand out through achievement?,Type 9,Type 3,"Option A +1 to Type 9; Option B +1 to Type 3. Track patterns over repeated choices, not one answer.",1,No,Behavior pattern suggests Type 9 vs Type 3 tendencies within Enneagram.
NORM-116,Motivation,Enneagram,Type 9 Peace vs Type 3 Drive,slow down and relax,accelerate and perform,Would You Rather… slow down and relax OR accelerate and perform?,Type 9,Type 3,"Option A +1 to Type 9; Option B +1 to Type 3. Track patterns over repeated choices, not one answer.",1,No,Behavior pattern suggests Type 9 vs Type 3 tendencies within Enneagram.
NORM-117,Motivation,Enneagram,Type 9 Peace vs Type 3 Drive,feel calm,feel accomplished,Would You Rather… feel calm OR feel accomplished?,Type 9,Type 3,"Option A +1 to Type 9; Option B +1 to Type 3. Track patterns over repeated choices, not one answer.",1,No,Behavior pattern suggests Type 9 vs Type 3 tendencies within Enneagram.
NORM-118,Motivation,Enneagram,Type 9 Peace vs Type 3 Drive,protect inner peace,prove your potential,Would You Rather… protect inner peace OR prove your potential?,Type 9,Type 3,"Option A +1 to Type 9; Option B +1 to Type 3. Track patterns over repeated choices, not one answer.",1,No,Behavior pattern suggests Type 9 vs Type 3 tendencies within Enneagram.
NORM-119,Motivation,Enneagram,Type 9 Peace vs Type 3 Drive,keep everyone comfortable,raise everyone’s expectations,Would You Rather… keep everyone comfortable OR raise everyone’s expectations?,Type 9,Type 3,"Option A +1 to Type 9; Option B +1 to Type 3. Track patterns over repeated choices, not one answer.",1,No,Behavior pattern suggests Type 9 vs Type 3 tendencies within Enneagram.
NORM-120,Motivation,Enneagram,Type 9 Peace vs Type 3 Drive,rest without guilt,chase the next milestone,Would You Rather… rest without guilt OR chase the next milestone?,Type 9,Type 3,"Option A +1 to Type 9; Option B +1 to Type 3. Track patterns over repeated choices, not one answer.",1,No,Behavior pattern suggests Type 9 vs Type 3 tendencies within Enneagram.
NORM-121,Core Personality,DISC,Dominance,take command in a crisis,support the person already leading,Would You Rather… take command in a crisis OR support the person already leading?,High D,Low D / Steadiness,"Option A +1 to High D; Option B +1 to Low D / Steadiness. Track patterns over repeated choices, not one answer.",1,No,Behavior pattern suggests High D vs Low D / Steadiness tendencies within DISC.
NORM-122,Core Personality,DISC,Dominance,make the tough call quickly,build consensus slowly,Would You Rather… make the tough call quickly OR build consensus slowly?,High D,Low D / Steadiness,"Option A +1 to High D; Option B +1 to Low D / Steadiness. Track patterns over repeated choices, not one answer.",1,No,Behavior pattern suggests High D vs Low D / Steadiness tendencies within DISC.
NORM-123,Core Personality,DISC,Dominance,challenge authority,respect the existing process,Would You Rather… challenge authority OR respect the existing process?,High D,Low D / Steadiness,"Option A +1 to High D; Option B +1 to Low D / Steadiness. Track patterns over repeated choices, not one answer.",1,No,Behavior pattern suggests High D vs Low D / Steadiness tendencies within DISC.
NORM-124,Core Personality,DISC,Dominance,compete to win,cooperate to maintain harmony,Would You Rather… compete to win OR cooperate to maintain harmony?,High D,Low D / Steadiness,"Option A +1 to High D; Option B +1 to Low D / Steadiness. Track patterns over repeated choices, not one answer.",1,No,Behavior pattern suggests High D vs Low D / Steadiness tendencies within DISC.
NORM-125,Core Personality,DISC,Dominance,push through resistance,keep the team comfortable,Would You Rather… push through resistance OR keep the team comfortable?,High D,Low D / Steadiness,"Option A +1 to High D; Option B +1 to Low D / Steadiness. Track patterns over repeated choices, not one answer.",1,No,Behavior pattern suggests High D vs Low D / Steadiness tendencies within DISC.
NORM-126,Core Personality,DISC,Dominance,lead from the front,stabilize from behind the scenes,Would You Rather… lead from the front OR stabilize from behind the scenes?,High D,Low D / Steadiness,"Option A +1 to High D; Option B +1 to Low D / Steadiness. Track patterns over repeated choices, not one answer.",1,No,Behavior pattern suggests High D vs Low D / Steadiness tendencies within DISC.
NORM-127,Core Personality,DISC,Dominance,take bold action,reduce disruption,Would You Rather… take bold action OR reduce disruption?,High D,Low D / Steadiness,"Option A +1 to High D; Option B +1 to Low D / Steadiness. Track patterns over repeated choices, not one answer.",1,No,Behavior pattern suggests High D vs Low D / Steadiness tendencies within DISC.
NORM-128,Core Personality,DISC,Dominance,be feared as decisive,be trusted as steady,Would You Rather… be feared as decisive OR be trusted as steady?,High D,Low D / Steadiness,"Option A +1 to High D; Option B +1 to Low D / Steadiness. Track patterns over repeated choices, not one answer.",1,No,Behavior pattern suggests High D vs Low D / Steadiness tendencies within DISC.
NORM-129,Core Personality,DISC,Influence,persuade a crowd with charisma,convince one person with facts,Would You Rather… persuade a crowd with charisma OR convince one person with facts?,High I,Low I / Reserved,"Option A +1 to High I; Option B +1 to Low I / Reserved. Track patterns over repeated choices, not one answer.",1,No,Behavior pattern suggests High I vs Low I / Reserved tendencies within DISC.
NORM-130,Core Personality,DISC,Influence,be the social spark,be the quiet strategist,Would You Rather… be the social spark OR be the quiet strategist?,High I,Low I / Reserved,"Option A +1 to High I; Option B +1 to Low I / Reserved. Track patterns over repeated choices, not one answer.",1,No,Behavior pattern suggests High I vs Low I / Reserved tendencies within DISC.
NORM-131,Core Personality,DISC,Influence,tell stories to inspire,present data to prove,Would You Rather… tell stories to inspire OR present data to prove?,High I,Low I / Reserved,"Option A +1 to High I; Option B +1 to Low I / Reserved. Track patterns over repeated choices, not one answer.",1,No,Behavior pattern suggests High I vs Low I / Reserved tendencies within DISC.
NORM-132,Core Personality,DISC,Influence,make people laugh,make people think,Would You Rather… make people laugh OR make people think?,High I,Low I / Reserved,"Option A +1 to High I; Option B +1 to Low I / Reserved. Track patterns over repeated choices, not one answer.",1,No,Behavior pattern suggests High I vs Low I / Reserved tendencies within DISC.
NORM-133,Core Personality,DISC,Influence,sell a big vision,build a precise plan,Would You Rather… sell a big vision OR build a precise plan?,High I,Low I / Reserved,"Option A +1 to High I; Option B +1 to Low I / Reserved. Track patterns over repeated choices, not one answer.",1,No,Behavior pattern suggests High I vs Low I / Reserved tendencies within DISC.
NORM-134,Core Personality,DISC,Influence,energize the room,analyze the room,Would You Rather… energize the room OR analyze the room?,High I,Low I / Reserved,"Option A +1 to High I; Option B +1 to Low I / Reserved. Track patterns over repeated choices, not one answer.",1,No,Behavior pattern suggests High I vs Low I / Reserved tendencies within DISC.
NORM-135,Core Personality,DISC,Influence,gain attention easily,stay focused privately,Would You Rather… gain attention easily OR stay focused privately?,High I,Low I / Reserved,"Option A +1 to High I; Option B +1 to Low I / Reserved. Track patterns over repeated choices, not one answer.",1,No,Behavior pattern suggests High I vs Low I / Reserved tendencies within DISC.
NORM-136,Core Personality,DISC,Influence,promote the idea publicly,refine the idea quietly,Would You Rather… promote the idea publicly OR refine the idea quietly?,High I,Low I / Reserved,"Option A +1 to High I; Option B +1 to Low I / Reserved. Track patterns over repeated choices, not one answer.",1,No,Behavior pattern suggests High I vs Low I / Reserved tendencies within DISC.
NORM-137,Core Personality,DISC,Steadiness,keep a stable routine,change your routine often,Would You Rather… keep a stable routine OR change your routine often?,High S,Low S / Change-Oriented,"Option A +1 to High S; Option B +1 to Low S / Change-Oriented. Track patterns over repeated choices, not one answer.",1,No,Behavior pattern suggests High S vs Low S / Change-Oriented tendencies within DISC.
NORM-138,Core Personality,DISC,Steadiness,be the calming presence,be the catalyst for change,Would You Rather… be the calming presence OR be the catalyst for change?,High S,Low S / Change-Oriented,"Option A +1 to High S; Option B +1 to Low S / Change-Oriented. Track patterns over repeated choices, not one answer.",1,No,Behavior pattern suggests High S vs Low S / Change-Oriented tendencies within DISC.
NORM-139,Core Personality,DISC,Steadiness,support long-term relationships,pursue fast-moving opportunities,Would You Rather… support long-term relationships OR pursue fast-moving opportunities?,High S,Low S / Change-Oriented,"Option A +1 to High S; Option B +1 to Low S / Change-Oriented. Track patterns over repeated choices, not one answer.",1,No,Behavior pattern suggests High S vs Low S / Change-Oriented tendencies within DISC.
NORM-140,Core Personality,DISC,Steadiness,move carefully,move quickly,Would You Rather… move carefully OR move quickly?,High S,Low S / Change-Oriented,"Option A +1 to High S; Option B +1 to Low S / Change-Oriented. Track patterns over repeated choices, not one answer.",1,No,Behavior pattern suggests High S vs Low S / Change-Oriented tendencies within DISC.
NORM-141,Core Personality,DISC,Steadiness,maintain consistency,reinvent constantly,Would You Rather… maintain consistency OR reinvent constantly?,High S,Low S / Change-Oriented,"Option A +1 to High S; Option B +1 to Low S / Change-Oriented. Track patterns over repeated choices, not one answer.",1,No,Behavior pattern suggests High S vs Low S / Change-Oriented tendencies within DISC.
NORM-142,Core Personality,DISC,Steadiness,help the team feel safe,push the team to evolve,Would You Rather… help the team feel safe OR push the team to evolve?,High S,Low S / Change-Oriented,"Option A +1 to High S; Option B +1 to Low S / Change-Oriented. Track patterns over repeated choices, not one answer.",1,No,Behavior pattern suggests High S vs Low S / Change-Oriented tendencies within DISC.
NORM-143,Core Personality,DISC,Steadiness,work in a predictable environment,work in a dynamic environment,Would You Rather… work in a predictable environment OR work in a dynamic environment?,High S,Low S / Change-Oriented,"Option A +1 to High S; Option B +1 to Low S / Change-Oriented. Track patterns over repeated choices, not one answer.",1,No,Behavior pattern suggests High S vs Low S / Change-Oriented tendencies within DISC.
NORM-144,Core Personality,DISC,Steadiness,protect stability,seek momentum,Would You Rather… protect stability OR seek momentum?,High S,Low S / Change-Oriented,"Option A +1 to High S; Option B +1 to Low S / Change-Oriented. Track patterns over repeated choices, not one answer.",1,No,Behavior pattern suggests High S vs Low S / Change-Oriented tendencies within DISC.
NORM-145,Core Personality,DISC,Compliance,follow exact instructions,interpret the rules creatively,Would You Rather… follow exact instructions OR interpret the rules creatively?,High C,Low C / Flexible,"Option A +1 to High C; Option B +1 to Low C / Flexible. Track patterns over repeated choices, not one answer.",1,No,Behavior pattern suggests High C vs Low C / Flexible tendencies within DISC.
NORM-146,Core Personality,DISC,Compliance,double-check every detail,move fast and fix later,Would You Rather… double-check every detail OR move fast and fix later?,High C,Low C / Flexible,"Option A +1 to High C; Option B +1 to Low C / Flexible. Track patterns over repeated choices, not one answer.",1,No,Behavior pattern suggests High C vs Low C / Flexible tendencies within DISC.
NORM-147,Core Personality,DISC,Compliance,trust a proven system,experiment with a new approach,Would You Rather… trust a proven system OR experiment with a new approach?,High C,Low C / Flexible,"Option A +1 to High C; Option B +1 to Low C / Flexible. Track patterns over repeated choices, not one answer.",1,No,Behavior pattern suggests High C vs Low C / Flexible tendencies within DISC.
NORM-148,Core Personality,DISC,Compliance,be accurate,be adaptable,Would You Rather… be accurate OR be adaptable?,High C,Low C / Flexible,"Option A +1 to High C; Option B +1 to Low C / Flexible. Track patterns over repeated choices, not one answer.",1,No,Behavior pattern suggests High C vs Low C / Flexible tendencies within DISC.
NORM-149,Core Personality,DISC,Compliance,analyze risks carefully,try it and learn,Would You Rather… analyze risks carefully OR try it and learn?,High C,Low C / Flexible,"Option A +1 to High C; Option B +1 to Low C / Flexible. Track patterns over repeated choices, not one answer.",1,No,Behavior pattern suggests High C vs Low C / Flexible tendencies within DISC.
NORM-150,Core Personality,DISC,Compliance,prefer clear expectations,prefer open-ended freedom,Would You Rather… prefer clear expectations OR prefer open-ended freedom?,High C,Low C / Flexible,"Option A +1 to High C; Option B +1 to Low C / Flexible. Track patterns over repeated choices, not one answer.",1,No,Behavior pattern suggests High C vs Low C / Flexible tendencies within DISC.
NORM-151,Core Personality,DISC,Compliance,document the process,discover the process as you go,Would You Rather… document the process OR discover the process as you go?,High C,Low C / Flexible,"Option A +1 to High C; Option B +1 to Low C / Flexible. Track patterns over repeated choices, not one answer.",1,No,Behavior pattern suggests High C vs Low C / Flexible tendencies within DISC.
NORM-152,Core Personality,DISC,Compliance,choose precision,choose speed,Would You Rather… choose precision OR choose speed?,High C,Low C / Flexible,"Option A +1 to High C; Option B +1 to Low C / Flexible. Track patterns over repeated choices, not one answer.",1,No,Behavior pattern suggests High C vs Low C / Flexible tendencies within DISC.
NORM-153,Relationships,Love Languages,Words of Affirmation,receive a heartfelt love letter,receive a thoughtful surprise gift,Would You Rather… receive a heartfelt love letter OR receive a thoughtful surprise gift?,Words,Non-Words Preference,"Option A +1 to Words; Option B +1 to Non-Words Preference. Track patterns over repeated choices, not one answer.",1,No,Behavior pattern suggests Words vs Non-Words Preference tendencies within Love Languages.
NORM-154,Relationships,Love Languages,Words of Affirmation,hear daily encouragement,get help with daily tasks,Would You Rather… hear daily encouragement OR get help with daily tasks?,Words,Non-Words Preference,"Option A +1 to Words; Option B +1 to Non-Words Preference. Track patterns over repeated choices, not one answer.",1,No,Behavior pattern suggests Words vs Non-Words Preference tendencies within Love Languages.
NORM-155,Relationships,Love Languages,Words of Affirmation,be praised in public,spend quiet time together,Would You Rather… be praised in public OR spend quiet time together?,Words,Non-Words Preference,"Option A +1 to Words; Option B +1 to Non-Words Preference. Track patterns over repeated choices, not one answer.",1,No,Behavior pattern suggests Words vs Non-Words Preference tendencies within Love Languages.
NORM-156,Relationships,Love Languages,Words of Affirmation,talk about feelings openly,show love through actions,Would You Rather… talk about feelings openly OR show love through actions?,Words,Non-Words Preference,"Option A +1 to Words; Option B +1 to Non-Words Preference. Track patterns over repeated choices, not one answer.",1,No,Behavior pattern suggests Words vs Non-Words Preference tendencies within Love Languages.
NORM-157,Relationships,Love Languages,Words of Affirmation,receive a meaningful compliment,receive a practical favor,Would You Rather… receive a meaningful compliment OR receive a practical favor?,Words,Non-Words Preference,"Option A +1 to Words; Option B +1 to Non-Words Preference. Track patterns over repeated choices, not one answer.",1,No,Behavior pattern suggests Words vs Non-Words Preference tendencies within Love Languages.
NORM-158,Relationships,Love Languages,Words of Affirmation,hear 'I’m proud of you',be hugged without words,Would You Rather… hear 'I’m proud of you' OR be hugged without words?,Words,Non-Words Preference,"Option A +1 to Words; Option B +1 to Non-Words Preference. Track patterns over repeated choices, not one answer.",1,No,Behavior pattern suggests Words vs Non-Words Preference tendencies within Love Languages.
NORM-159,Relationships,Love Languages,Words of Affirmation,get a long supportive text,get a useful surprise delivered,Would You Rather… get a long supportive text OR get a useful surprise delivered?,Words,Non-Words Preference,"Option A +1 to Words; Option B +1 to Non-Words Preference. Track patterns over repeated choices, not one answer.",1,No,Behavior pattern suggests Words vs Non-Words Preference tendencies within Love Languages.
NORM-160,Relationships,Love Languages,Words of Affirmation,feel loved through words,feel loved through presence,Would You Rather… feel loved through words OR feel loved through presence?,Words,Non-Words Preference,"Option A +1 to Words; Option B +1 to Non-Words Preference. Track patterns over repeated choices, not one answer.",1,No,Behavior pattern suggests Words vs Non-Words Preference tendencies within Love Languages.
NORM-161,Relationships,Love Languages,Quality Time,spend an uninterrupted evening together,have personal time to recharge,Would You Rather… spend an uninterrupted evening together OR have personal time to recharge?,Quality Time,Independent Space,"Option A +1 to Quality Time; Option B +1 to Independent Space. Track patterns over repeated choices, not one answer.",1,No,Behavior pattern suggests Quality Time vs Independent Space tendencies within Love Languages.
NORM-162,Relationships,Love Languages,Quality Time,take a long walk with deep conversation,do separate hobbies comfortably,Would You Rather… take a long walk with deep conversation OR do separate hobbies comfortably?,Quality Time,Independent Space,"Option A +1 to Quality Time; Option B +1 to Independent Space. Track patterns over repeated choices, not one answer.",1,No,Behavior pattern suggests Quality Time vs Independent Space tendencies within Love Languages.
NORM-163,Relationships,Love Languages,Quality Time,share a slow dinner with no phones,enjoy freedom without checking in,Would You Rather… share a slow dinner with no phones OR enjoy freedom without checking in?,Quality Time,Independent Space,"Option A +1 to Quality Time; Option B +1 to Independent Space. Track patterns over repeated choices, not one answer.",1,No,Behavior pattern suggests Quality Time vs Independent Space tendencies within Love Languages.
NORM-164,Relationships,Love Languages,Quality Time,plan a weekend just for the two of you,keep the weekend flexible and solo,Would You Rather… plan a weekend just for the two of you OR keep the weekend flexible and solo?,Quality Time,Independent Space,"Option A +1 to Quality Time; Option B +1 to Independent Space. Track patterns over repeated choices, not one answer.",1,No,Behavior pattern suggests Quality Time vs Independent Space tendencies within Love Languages.
NORM-165,Relationships,Love Languages,Quality Time,feel close through undivided attention,feel loved through trust and space,Would You Rather… feel close through undivided attention OR feel loved through trust and space?,Quality Time,Independent Space,"Option A +1 to Quality Time; Option B +1 to Independent Space. Track patterns over repeated choices, not one answer.",1,No,Behavior pattern suggests Quality Time vs Independent Space tendencies within Love Languages.
NORM-166,Relationships,Love Languages,Quality Time,watch the sunset together,have time alone to reflect,Would You Rather… watch the sunset together OR have time alone to reflect?,Quality Time,Independent Space,"Option A +1 to Quality Time; Option B +1 to Independent Space. Track patterns over repeated choices, not one answer.",1,No,Behavior pattern suggests Quality Time vs Independent Space tendencies within Love Languages.
NORM-167,Relationships,Love Languages,Quality Time,build memories through shared adventures,build confidence through independence,Would You Rather… build memories through shared adventures OR build confidence through independence?,Quality Time,Independent Space,"Option A +1 to Quality Time; Option B +1 to Independent Space. Track patterns over repeated choices, not one answer.",1,No,Behavior pattern suggests Quality Time vs Independent Space tendencies within Love Languages.
NORM-168,Relationships,Love Languages,Quality Time,have a partner fully present,have a partner respect your autonomy,Would You Rather… have a partner fully present OR have a partner respect your autonomy?,Quality Time,Independent Space,"Option A +1 to Quality Time; Option B +1 to Independent Space. Track patterns over repeated choices, not one answer.",1,No,Behavior pattern suggests Quality Time vs Independent Space tendencies within Love Languages.
NORM-169,Relationships,Love Languages,Acts of Service,have someone handle a stressful task,have someone say exactly what you need to hear,Would You Rather… have someone handle a stressful task OR have someone say exactly what you need to hear?,Acts of Service,Words / Symbolic Love,"Option A +1 to Acts of Service; Option B +1 to Words / Symbolic Love. Track patterns over repeated choices, not one answer.",1,No,Behavior pattern suggests Acts of Service vs Words / Symbolic Love tendencies within Love Languages.
NORM-170,Relationships,Love Languages,Acts of Service,wake up to chores already done,wake up to a sweet message,Would You Rather… wake up to chores already done OR wake up to a sweet message?,Acts of Service,Words / Symbolic Love,"Option A +1 to Acts of Service; Option B +1 to Words / Symbolic Love. Track patterns over repeated choices, not one answer.",1,No,Behavior pattern suggests Acts of Service vs Words / Symbolic Love tendencies within Love Languages.
NORM-171,Relationships,Love Languages,Acts of Service,feel loved when someone helps,feel loved when someone expresses love,Would You Rather… feel loved when someone helps OR feel loved when someone expresses love?,Acts of Service,Words / Symbolic Love,"Option A +1 to Acts of Service; Option B +1 to Words / Symbolic Love. Track patterns over repeated choices, not one answer.",1,No,Behavior pattern suggests Acts of Service vs Words / Symbolic Love tendencies within Love Languages.
NORM-172,Relationships,Love Languages,Acts of Service,receive practical support,receive emotional reassurance,Would You Rather… receive practical support OR receive emotional reassurance?,Acts of Service,Words / Symbolic Love,"Option A +1 to Acts of Service; Option B +1 to Words / Symbolic Love. Track patterns over repeated choices, not one answer.",1,No,Behavior pattern suggests Acts of Service vs Words / Symbolic Love tendencies within Love Languages.
NORM-173,Relationships,Love Languages,Acts of Service,have dinner cooked for you,hear a loving explanation,Would You Rather… have dinner cooked for you OR hear a loving explanation?,Acts of Service,Words / Symbolic Love,"Option A +1 to Acts of Service; Option B +1 to Words / Symbolic Love. Track patterns over repeated choices, not one answer.",1,No,Behavior pattern suggests Acts of Service vs Words / Symbolic Love tendencies within Love Languages.
NORM-174,Relationships,Love Languages,Acts of Service,have someone fix a problem,have someone celebrate your feelings,Would You Rather… have someone fix a problem OR have someone celebrate your feelings?,Acts of Service,Words / Symbolic Love,"Option A +1 to Acts of Service; Option B +1 to Words / Symbolic Love. Track patterns over repeated choices, not one answer.",1,No,Behavior pattern suggests Acts of Service vs Words / Symbolic Love tendencies within Love Languages.
NORM-175,Relationships,Love Languages,Acts of Service,be cared for through action,be cared for through words,Would You Rather… be cared for through action OR be cared for through words?,Acts of Service,Words / Symbolic Love,"Option A +1 to Acts of Service; Option B +1 to Words / Symbolic Love. Track patterns over repeated choices, not one answer.",1,No,Behavior pattern suggests Acts of Service vs Words / Symbolic Love tendencies within Love Languages.
NORM-176,Relationships,Love Languages,Acts of Service,get help when overwhelmed,get encouragement when overwhelmed,Would You Rather… get help when overwhelmed OR get encouragement when overwhelmed?,Acts of Service,Words / Symbolic Love,"Option A +1 to Acts of Service; Option B +1 to Words / Symbolic Love. Track patterns over repeated choices, not one answer.",1,No,Behavior pattern suggests Acts of Service vs Words / Symbolic Love tendencies within Love Languages.
NORM-177,Relationships,Love Languages,Receiving Gifts,receive a meaningful symbolic gift,share a beautiful experience together,Would You Rather… receive a meaningful symbolic gift OR share a beautiful experience together?,Gifts,Experiences / Time,"Option A +1 to Gifts; Option B +1 to Experiences / Time. Track patterns over repeated choices, not one answer.",1,No,Behavior pattern suggests Gifts vs Experiences / Time tendencies within Love Languages.
NORM-178,Relationships,Love Languages,Receiving Gifts,get a surprise that shows they remembered,spend the whole day together,Would You Rather… get a surprise that shows they remembered OR spend the whole day together?,Gifts,Experiences / Time,"Option A +1 to Gifts; Option B +1 to Experiences / Time. Track patterns over repeated choices, not one answer.",1,No,Behavior pattern suggests Gifts vs Experiences / Time tendencies within Love Languages.
NORM-179,Relationships,Love Languages,Receiving Gifts,keep a treasured object forever,create a memory you’ll never forget,Would You Rather… keep a treasured object forever OR create a memory you’ll never forget?,Gifts,Experiences / Time,"Option A +1 to Gifts; Option B +1 to Experiences / Time. Track patterns over repeated choices, not one answer.",1,No,Behavior pattern suggests Gifts vs Experiences / Time tendencies within Love Languages.
NORM-180,Relationships,Love Languages,Receiving Gifts,be surprised with something personal,be surprised with an adventure,Would You Rather… be surprised with something personal OR be surprised with an adventure?,Gifts,Experiences / Time,"Option A +1 to Gifts; Option B +1 to Experiences / Time. Track patterns over repeated choices, not one answer.",1,No,Behavior pattern suggests Gifts vs Experiences / Time tendencies within Love Languages.
NORM-181,Relationships,Love Languages,Receiving Gifts,feel loved by thoughtful tokens,feel loved by shared presence,Would You Rather… feel loved by thoughtful tokens OR feel loved by shared presence?,Gifts,Experiences / Time,"Option A +1 to Gifts; Option B +1 to Experiences / Time. Track patterns over repeated choices, not one answer.",1,No,Behavior pattern suggests Gifts vs Experiences / Time tendencies within Love Languages.
NORM-182,Relationships,Love Languages,Receiving Gifts,receive something rare and meaningful,receive uninterrupted attention,Would You Rather… receive something rare and meaningful OR receive uninterrupted attention?,Gifts,Experiences / Time,"Option A +1 to Gifts; Option B +1 to Experiences / Time. Track patterns over repeated choices, not one answer.",1,No,Behavior pattern suggests Gifts vs Experiences / Time tendencies within Love Languages.
NORM-183,Relationships,Love Languages,Receiving Gifts,open a gift with emotional meaning,have a deep conversation instead,Would You Rather… open a gift with emotional meaning OR have a deep conversation instead?,Gifts,Experiences / Time,"Option A +1 to Gifts; Option B +1 to Experiences / Time. Track patterns over repeated choices, not one answer.",1,No,Behavior pattern suggests Gifts vs Experiences / Time tendencies within Love Languages.
NORM-184,Relationships,Love Languages,Receiving Gifts,collect reminders of love,collect moments of love,Would You Rather… collect reminders of love OR collect moments of love?,Gifts,Experiences / Time,"Option A +1 to Gifts; Option B +1 to Experiences / Time. Track patterns over repeated choices, not one answer.",1,No,Behavior pattern suggests Gifts vs Experiences / Time tendencies within Love Languages.
NORM-185,Relationships,Love Languages,Physical Touch,hold hands during a hard conversation,talk everything through in detail,Would You Rather… hold hands during a hard conversation OR talk everything through in detail?,Physical Touch,Emotional/Verbal Reassurance,"Option A +1 to Physical Touch; Option B +1 to Emotional/Verbal Reassurance. Track patterns over repeated choices, not one answer.",1,No,Behavior pattern suggests Physical Touch vs Emotional/Verbal Reassurance tendencies within Love Languages.
NORM-186,Relationships,Love Languages,Physical Touch,receive a long hug,receive a long encouraging message,Would You Rather… receive a long hug OR receive a long encouraging message?,Physical Touch,Emotional/Verbal Reassurance,"Option A +1 to Physical Touch; Option B +1 to Emotional/Verbal Reassurance. Track patterns over repeated choices, not one answer.",1,No,Behavior pattern suggests Physical Touch vs Emotional/Verbal Reassurance tendencies within Love Languages.
NORM-187,Relationships,Love Languages,Physical Touch,cuddle quietly,hear loving words clearly,Would You Rather… cuddle quietly OR hear loving words clearly?,Physical Touch,Emotional/Verbal Reassurance,"Option A +1 to Physical Touch; Option B +1 to Emotional/Verbal Reassurance. Track patterns over repeated choices, not one answer.",1,No,Behavior pattern suggests Physical Touch vs Emotional/Verbal Reassurance tendencies within Love Languages.
NORM-188,Relationships,Love Languages,Physical Touch,feel close through touch,feel close through conversation,Would You Rather… feel close through touch OR feel close through conversation?,Physical Touch,Emotional/Verbal Reassurance,"Option A +1 to Physical Touch; Option B +1 to Emotional/Verbal Reassurance. Track patterns over repeated choices, not one answer.",1,No,Behavior pattern suggests Physical Touch vs Emotional/Verbal Reassurance tendencies within Love Languages.
NORM-189,Relationships,Love Languages,Physical Touch,sit close on the couch,share feelings across the table,Would You Rather… sit close on the couch OR share feelings across the table?,Physical Touch,Emotional/Verbal Reassurance,"Option A +1 to Physical Touch; Option B +1 to Emotional/Verbal Reassurance. Track patterns over repeated choices, not one answer.",1,No,Behavior pattern suggests Physical Touch vs Emotional/Verbal Reassurance tendencies within Love Languages.
NORM-190,Relationships,Love Languages,Physical Touch,be comforted physically,be comforted verbally,Would You Rather… be comforted physically OR be comforted verbally?,Physical Touch,Emotional/Verbal Reassurance,"Option A +1 to Physical Touch; Option B +1 to Emotional/Verbal Reassurance. Track patterns over repeated choices, not one answer.",1,No,Behavior pattern suggests Physical Touch vs Emotional/Verbal Reassurance tendencies within Love Languages.
NORM-191,Relationships,Love Languages,Physical Touch,fall asleep holding someone,fall asleep after a loving talk,Would You Rather… fall asleep holding someone OR fall asleep after a loving talk?,Physical Touch,Emotional/Verbal Reassurance,"Option A +1 to Physical Touch; Option B +1 to Emotional/Verbal Reassurance. Track patterns over repeated choices, not one answer.",1,No,Behavior pattern suggests Physical Touch vs Emotional/Verbal Reassurance tendencies within Love Languages.
NORM-192,Relationships,Love Languages,Physical Touch,feel loved through affection,feel loved through reassurance,Would You Rather… feel loved through affection OR feel loved through reassurance?,Physical Touch,Emotional/Verbal Reassurance,"Option A +1 to Physical Touch; Option B +1 to Emotional/Verbal Reassurance. Track patterns over repeated choices, not one answer.",1,No,Behavior pattern suggests Physical Touch vs Emotional/Verbal Reassurance tendencies within Love Languages.
NORM-193,Core Personality,MBTI,Introversion vs Extraversion,journal privately about your goals,announce your goals to a group for accountability,Would You Rather… journal privately about your goals OR announce your goals to a group for accountability?,I,E,"Option A +1 to I; Option B +1 to E. Track patterns over repeated choices, not one answer.",1,No,Behavior pattern suggests I vs E tendencies within MBTI.
NORM-194,Core Personality,MBTI,Thinking vs Feeling,choose the objectively best solution,choose the solution that makes people feel safest,Would You Rather… choose the objectively best solution OR choose the solution that makes people feel safest?,T,F,"Option A +1 to T; Option B +1 to F. Track patterns over repeated choices, not one answer.",1,No,Behavior pattern suggests T vs F tendencies within MBTI.
NORM-195,Core Personality,Big Five,Openness,question everything you were taught,preserve the wisdom you inherited,Would You Rather… question everything you were taught OR preserve the wisdom you inherited?,High Openness,Low Openness,"Option A +1 to High Openness; Option B +1 to Low Openness. Track patterns over repeated choices, not one answer.",1,No,Behavior pattern suggests High Openness vs Low Openness tendencies within Big Five.
NORM-196,Core Personality,Big Five,Conscientiousness,build a disciplined morning routine,wake up and follow your mood,Would You Rather… build a disciplined morning routine OR wake up and follow your mood?,High Conscientiousness,Low Conscientiousness,"Option A +1 to High Conscientiousness; Option B +1 to Low Conscientiousness. Track patterns over repeated choices, not one answer.",1,No,Behavior pattern suggests High Conscientiousness vs Low Conscientiousness tendencies within Big Five.
NORM-197,Motivation,Enneagram,Type 6 Security vs Type 8 Power,have a trusted alliance behind you,stand alone with total authority,Would You Rather… have a trusted alliance behind you OR stand alone with total authority?,Type 6,Type 8,"Option A +1 to Type 6; Option B +1 to Type 8. Track patterns over repeated choices, not one answer.",1,No,Behavior pattern suggests Type 6 vs Type 8 tendencies within Enneagram.
NORM-198,Core Personality,DISC,Compliance,create a perfect checklist,start before the checklist is finished,Would You Rather… create a perfect checklist OR start before the checklist is finished?,High C,Low C / Flexible,"Option A +1 to High C; Option B +1 to Low C / Flexible. Track patterns over repeated choices, not one answer.",1,No,Behavior pattern suggests High C vs Low C / Flexible tendencies within DISC.
NORM-199,Relationships,Love Languages,Quality Time,spend every Sunday together,keep Sundays open for personal freedom,Would You Rather… spend every Sunday together OR keep Sundays open for personal freedom?,Quality Time,Independent Space,"Option A +1 to Quality Time; Option B +1 to Independent Space. Track patterns over repeated choices, not one answer.",1,No,Behavior pattern suggests Quality Time vs Independent Space tendencies within Love Languages.
NORM-200,Relationships,Love Languages,Acts of Service,have someone reduce your workload,have someone tell you why you matter,Would You Rather… have someone reduce your workload OR have someone tell you why you matter?,Acts of Service,Words / Symbolic Love,"Option A +1 to Acts of Service; Option B +1 to Words / Symbolic Love. Track patterns over repeated choices, not one answer.",1,No,Behavior pattern suggests Acts of Service vs Words / Symbolic Love tendencies within Love Languages.